node_1,node_2,weight
Albania,Bahamas,4.0
Algeria,British Virgin Islands,2.0
Algeria,United Kingdom,2.0
Algeria,United States,1.0
Andorra,Bahamas,52.0
Andorra,British Virgin Islands,82.0
Andorra,Cayman Islands,2.0
Andorra,Cook Islands,0.5
Andorra,Costa Rica,6.0
Andorra,Hong Kong,18.0
Andorra,Ireland,1.0
Andorra,Latvia,1.0
Andorra,Nevada,48.0
Andorra,Niue,24.0
Andorra,Panama,558.0
Andorra,Russia,2.0
Andorra,Samoa,18.0
Andorra,Seychelles,144.0
Andorra,United Kingdom,2.0
Andorra,Uruguay,30.0
Angola,Bermuda,2.0
Angola,British Virgin Islands,23.0
Angola,China,1.0
Antigua and Barbuda,Barbados,16.0
Antigua and Barbuda,British Virgin Islands,23.5
Antigua and Barbuda,Canada,6.0
Antigua and Barbuda,Cayman Islands,11.0
Antigua and Barbuda,China,30.0
Antigua and Barbuda,Hong Kong,49.0
Antigua and Barbuda,Ireland,3.0
Antigua and Barbuda,Niue,4.0
Antigua and Barbuda,Panama,30.0
Antigua and Barbuda,Russia,2.0
Antigua and Barbuda,Saint Kitts and Nevis,2.0
Antigua and Barbuda,Samoa,2.5
Antigua and Barbuda,Seychelles,6.0
Antigua and Barbuda,United Kingdom,4.0
Antigua and Barbuda,United States,15.0
Antigua and Barbuda,Argentina,1.0
Argentina,Bahamas,46.0
Argentina,Barbados,2.0
Argentina,Belarus,1.0
Argentina,British Virgin Islands,189.0
Argentina,Canada,1.0
Argentina,Cayman Islands,6.0
Argentina,Costa Rica,2.0
Argentina,Hong Kong,19.0
Argentina,Ireland,6.0
Argentina,Nevada,8.0
Argentina,New Zealand,2.0
Argentina,Niue,4.0
Argentina,Panama,294.0
Argentina,Russia,5.0
Argentina,Saint Kitts and Nevis,2.0
Argentina,Seychelles,12.0
Argentina,Switzerland,2.0
Argentina,United Kingdom,8.0
Argentina,United States,2.0
Armenia,British Virgin Islands,8.0
Armenia,China,1.0
Armenia,Hong Kong,1.0
Armenia,Panama,1.0
Armenia,Russia,1.0
Armenia,United Kingdom,4.0
Armenia,United States,1.0
Aruba,Barbados,2.0
Aruba,British Anguilla,8.0
Aruba,British Virgin Islands,38.0
Aruba,Panama,8.0
Australia,Austria,1.0
Australia,Bahamas,4.0
Australia,Barbados,4.0
Australia,Belize,2.0
Australia,Bermuda,84.0
Australia,British Anguilla,2.0
Australia,British Virgin Islands,646.5
Australia,Canada,17.0
Australia,Cayman Islands,15.0
Australia,China,22.0
Australia,Cook Islands,4.0
Australia,Cyprus,31.0
Australia,Czech Republic,1.0
Australia,Germany,1.0
Australia,Hong Kong,165.0
Australia,Ireland,31.0
Australia,Isle of Man,6.0
Australia,Jersey,1.0
Australia,Labuan,0.5
Australia,Latvia,9.0
Australia,Luxembourg,3.0
Australia,Malaysia,1.0
Australia,Netherlands,1.0
Australia,Niue,8.0
Australia,Panama,89.0
Australia,Russia,107.0
Australia,Saint Kitts and Nevis,13.0
Australia,Samoa,1.5
Australia,Seychelles,22.0
Australia,Singapore,4.0
Australia,South Africa,1.0
Australia,Sweden,1.0
Australia,Ukraine,2.0
Australia,United Arab Emirates,9.0
Australia,United Kingdom,151.0
Australia,United States,35.0
Austria,Bahamas,8.0
Austria,Bermuda,8.0
Austria,British Anguilla,2.0
Austria,British Virgin Islands,40.5
Austria,Canada,1.0
Austria,Cayman Islands,4.0
Austria,Cyprus,1.0
Austria,Hong Kong,16.0
Austria,Panama,28.0
Austria,Russia,7.0
Austria,Saint Kitts and Nevis,6.0
Austria,Samoa,2.5
Austria,United Kingdom,7.0
Austria,United States,5.0
Azerbaijan,Bahamas,8.0
Azerbaijan,British Virgin Islands,36.0
Azerbaijan,Canada,1.0
Azerbaijan,China,4.0
Azerbaijan,Cyprus,1.0
Azerbaijan,Hong Kong,6.0
Azerbaijan,Ireland,2.0
Azerbaijan,Netherlands,1.0
Azerbaijan,Panama,2.0
Azerbaijan,Russia,7.0
Azerbaijan,Saint Kitts and Nevis,5.0
Azerbaijan,United Kingdom,8.0
Azerbaijan,United States,2.0
Bahamas,Barbados,104.0
Bahamas,Bermuda,60.0
Bahamas,British Anguilla,90.0
Bahamas,British Virgin Islands,3935.5
Bahamas,Canada,76.0
Bahamas,Cayman Islands,132.0
Bahamas,China,20.0
Bahamas,Cook Islands,2.5
Bahamas,Costa Rica,82.0
Bahamas,Cyprus,1309.0
Bahamas,Gibraltar,301.0
Bahamas,Hong Kong,1976.0
Bahamas,Ireland,55.0
Bahamas,Latvia,105.0
Bahamas,Luxembourg,849.0
Bahamas,Malta,24.0
Bahamas,Netherlands Antilles,2.0
Bahamas,Nevada,582.0
Bahamas,Niue,118.0
Bahamas,Panama,6761.0
Bahamas,Russia,2698.0
Bahamas,Saint Kitts and Nevis,20.0
Bahamas,Saint Lucia,1.5
Bahamas,Samoa,297.0
Bahamas,Seychelles,350.0
Bahamas,Singapore,190.5
Bahamas,United Arab Emirates,1301.0
Bahamas,United Kingdom,2681.0
Bahamas,United States,816.0
Bahamas,Uruguay,638.0
Bahamas,Wyoming,30.0
Bahrain,Bermuda,6.0
Bahrain,British Virgin Islands,34.0
Bahrain,Hong Kong,1.0
Bahrain,Panama,9.0
Bahrain,Russia,5.0
Bahrain,Ukraine,1.0
Bahrain,United Arab Emirates,3.0
Bahrain,United Kingdom,5.0
Bahrain,United States,1.0
Bangladesh,Bermuda,2.0
Bangladesh,British Virgin Islands,33.0
Bangladesh,Cyprus,4.0
Bangladesh,Hong Kong,12.0
Bangladesh,Ireland,2.0
Bangladesh,Latvia,1.0
Bangladesh,Russia,8.0
Bangladesh,United Kingdom,8.0
Barbados,Bermuda,90.0
Barbados,British Virgin Islands,2145.0
Barbados,Cayman Islands,234.0
Barbados,China,3.0
Barbados,Cyprus,11.0
Barbados,Hong Kong,11.0
Barbados,Panama,87.0
Barbados,Russia,3.0
Barbados,Singapore,3.0
Barbados,United Kingdom,283.0
Austria,Belarus,1.0
Belarus,British Virgin Islands,48.5
Belarus,China,3.0
Belarus,Hong Kong,12.0
Belarus,Ireland,1.0
Belarus,Luxembourg,2.0
Belarus,Mauritius,1.0
Belarus,Panama,4.0
Belarus,Russia,3.0
Belarus,Singapore,3.0
Belarus,Ukraine,1.0
Belarus,United Arab Emirates,1.0
Belarus,United Kingdom,5.0
Belarus,United States,5.0
Bahamas,Belgium,16.0
Barbados,Belgium,2.0
Belgium,Bermuda,2.0
Belgium,British Anguilla,2.0
Belgium,British Virgin Islands,94.0
Belgium,Canada,4.0
Belgium,Cayman Islands,1.0
Belgium,China,5.0
Belgium,Cyprus,1.0
Belgium,Hong Kong,13.0
Belgium,Ireland,5.0
Belgium,Isle of Man,2.0
Belgium,Latvia,4.0
Belgium,Luxembourg,1.0
Belgium,Niue,2.0
Belgium,Panama,53.0
Belgium,Russia,16.0
Belgium,Saint Kitts and Nevis,4.0
Belgium,Samoa,2.0
Belgium,Seychelles,11.0
Belgium,United Arab Emirates,1.0
Belgium,United Kingdom,18.0
Belgium,United States,8.0
Bahamas,Belize,500.0
Barbados,Belize,6.0
Belize,British Anguilla,38.0
Belize,British Virgin Islands,423.5
Belize,Canada,6.0
Belize,Cayman Islands,2.0
Belize,China,34.0
Belize,Cyprus,33.0
Belize,Hong Kong,163.0
Belize,Ireland,10.0
Belize,Mauritius,2.0
Belize,Netherlands,2.0
Belize,Niue,456.0
Belize,Panama,931.0
Belize,Russia,37.0
Belize,Saint Kitts and Nevis,4.0
Belize,Samoa,91.0
Belize,Seychelles,353.0
Belize,United Kingdom,30.0
Belize,United States,21.0
Belize,Wyoming,2.0
Benin,British Virgin Islands,1.0
Bermuda,British Virgin Islands,386.5
Bermuda,Canada,160.0
Bermuda,Cayman Islands,76.0
Bermuda,China,159.0
Bermuda,Cook Islands,4.0
Bermuda,Cyprus,23.0
Bermuda,Czech Republic,4.0
Bermuda,Hong Kong,815.0
Bermuda,Ireland,44.0
Bermuda,Jersey,33.0
Bermuda,Latvia,5.0
Bermuda,Liberia,16.0
Bermuda,Liechtenstein,18.0
Bermuda,Netherlands,33.0
Bermuda,Netherlands Antilles,2.0
Bermuda,Panama,54.0
Bermuda,Russia,70.0
Bermuda,Saint Kitts and Nevis,6.0
Bermuda,Samoa,3.5
Bermuda,Seychelles,3.0
Bermuda,Singapore,195.0
Bermuda,South Africa,5.0
Bermuda,Sweden,35.0
Bermuda,Turks and Caicos Islands,4.0
Bermuda,United Arab Emirates,15.0
Bermuda,United Kingdom,461.0
Bermuda,United States,1805.0
Bermuda,Vanuatu,1.0
Bhutan,British Virgin Islands,1.0
Bhutan,Hong Kong,1.0
Bolivia,British Virgin Islands,4.0
Bolivia,Hong Kong,4.0
Bolivia,Panama,182.0
Bosnia and Herzegovina,British Virgin Islands,2.0
Bosnia and Herzegovina,China,1.0
Bosnia and Herzegovina,Hong Kong,1.0
Botswana,British Virgin Islands,5.0
Botswana,Panama,2.0
Botswana,Seychelles,6.0
Botswana,United Kingdom,1.0
Bahamas,Brazil,66.0
Barbados,Brazil,4.0
Bermuda,Brazil,8.0
Brazil,British Anguilla,28.0
Brazil,British Virgin Islands,986.5
Brazil,Canada,1.0
Brazil,Cayman Islands,42.0
Brazil,China,7.0
Brazil,Cyprus,2.0
Brazil,Hong Kong,11.0
Brazil,Ireland,3.0
Brazil,Isle of Man,6.0
Brazil,Nevada,264.0
Brazil,New Zealand,2.0
Brazil,Niue,182.0
Brazil,Panama,1044.0
Brazil,Russia,10.0
Brazil,Samoa,86.0
Brazil,Seychelles,159.0
Brazil,Singapore,1.0
Brazil,United Arab Emirates,2.0
Brazil,United Kingdom,25.0
Brazil,United States,1.0
Brazil,Uruguay,2.0
Brazil,Wyoming,8.0
Barbados,British Anguilla,14.0
British Anguilla,British Anguilla,42.0
British Anguilla,British Virgin Islands,18.0
British Anguilla,China,298.0
British Anguilla,Hong Kong,2738.0
British Anguilla,Ireland,3.0
British Anguilla,Panama,557.0
British Anguilla,Russia,148.0
British Anguilla,United Kingdom,66.0
British Virgin Islands,Canada,971.5
British Virgin Islands,Cayman Islands,2466.0
British Virgin Islands,China,11312.0
British Virgin Islands,Cook Islands,469.5
British Virgin Islands,Croatia,12.5
British Virgin Islands,Curaçao,39.5
British Virgin Islands,Cyprus,4696.5
British Virgin Islands,Czech Republic,86.0
British Virgin Islands,Germany,224.5
British Virgin Islands,Gibraltar,3215.5
British Virgin Islands,Hong Kong,66262.5
British Virgin Islands,Ireland,591.0
British Virgin Islands,Isle of Man,6156.5
British Virgin Islands,Israel,452.5
British Virgin Islands,Jersey,21389.5
British Virgin Islands,Labuan,0.5
British Virgin Islands,Latvia,2723.0
British Virgin Islands,Luxembourg,6204.5
British Virgin Islands,Malaysia,1338.5
British Virgin Islands,Malta,956.0
British Virgin Islands,Marshall Islands,5.5
British Virgin Islands,Mauritius,1943.0
British Virgin Islands,Netherlands,236.5
British Virgin Islands,Nevada,4.0
British Virgin Islands,Niue,31.0
British Virgin Islands,Panama,10302.5
British Virgin Islands,Russia,6900.5
British Virgin Islands,Saint Kitts and Nevis,208.5
British Virgin Islands,Samoa,938.5
British Virgin Islands,Seychelles,603.5
British Virgin Islands,Singapore,11562.0
British Virgin Islands,South Africa,191.5
British Virgin Islands,State of Delaware,2.0
British Virgin Islands,Sweden,77.0
British Virgin Islands,Switzerland,39777.5
British Virgin Islands,Thailand,1864.5
British Virgin Islands,Turks and Caicos Islands,26.0
British Virgin Islands,Ukraine,430.5
British Virgin Islands,United Arab Emirates,7440.0
British Virgin Islands,United Kingdom,12570.0
British Virgin Islands,United States,6673.0
British Virgin Islands,Brunei,33.5
Brunei,China,1.0
Brunei,Cyprus,4.0
Brunei,Hong Kong,11.0
Brunei,Russia,9.0
Brunei,Saint Kitts and Nevis,2.0
Brunei,Seychelles,2.0
Brunei,United Kingdom,7.0
Brunei,United States,1.0
Bahamas,Bulgaria,4.0
British Virgin Islands,Bulgaria,49.0
Bulgaria,China,1.0
Bulgaria,Hong Kong,2.0
Bulgaria,Ireland,1.0
Bulgaria,Niue,2.0
Bulgaria,Panama,11.0
Bulgaria,Russia,2.0
Bulgaria,Seychelles,44.0
Bulgaria,United Kingdom,2.0
Bulgaria,United States,1.0
British Virgin Islands,Cambodia,8.0
Cambodia,China,1.0
Cambodia,Hong Kong,3.0
Cambodia,Ireland,2.0
Cambodia,Panama,1.0
Cambodia,Russia,2.0
Cambodia,United Kingdom,2.0
Cameroon,Seychelles,2.0
Barbados,Canada,264.0
British Anguilla,Canada,4.0
Canada,Cayman Islands,137.5
Canada,China,179.0
Canada,Cook Islands,15.5
Canada,Curaçao,1.0
Canada,Cyprus,44.0
Canada,Gibraltar,4.0
Canada,Hong Kong,410.0
Canada,Indonesia,57.0
Canada,Ireland,30.0
Canada,Isle of Man,10.0
Canada,Jersey,5.0
Canada,Labuan,1.0
Canada,Latvia,11.0
Canada,Luxembourg,5.0
Canada,Malaysia,27.0
Canada,Mauritius,5.0
Canada,Netherlands,1.0
Canada,Nevada,4.0
Canada,Niue,62.0
Canada,Panama,207.0
Canada,Russia,139.0
Canada,Saint Kitts and Nevis,11.0
Canada,Samoa,24.0
Canada,Seychelles,52.0
Canada,Singapore,99.0
Canada,South Africa,2.0
Canada,Switzerland,10.0
Canada,Ukraine,5.0
Canada,United Arab Emirates,19.0
Canada,United Kingdom,131.0
Canada,United States,119.0
Aruba,Cayman Islands,4.0
Cayman Islands,China,311.5
Cayman Islands,Cook Islands,72.5
Cayman Islands,Cyprus,52.0
Cayman Islands,Gibraltar,4.0
Cayman Islands,Grenada,2.0
Cayman Islands,Guernsey,26.0
Cayman Islands,Hong Kong,732.5
Cayman Islands,Ireland,39.0
Cayman Islands,Isle of Man,40.0
Cayman Islands,Jersey,29.0
Cayman Islands,Latvia,10.0
Cayman Islands,Liberia,2.0
Cayman Islands,Liechtenstein,11.0
Cayman Islands,Luxembourg,24.0
Cayman Islands,Malta,2.0
Cayman Islands,Marshall Islands,4.0
Cayman Islands,Netherlands,16.0
Cayman Islands,Netherlands Antilles,4.0
Cayman Islands,New Zealand,5.0
Cayman Islands,Niue,2.0
Cayman Islands,Panama,142.0
Cayman Islands,Russia,82.5
Cayman Islands,Saint Kitts and Nevis,197.0
Cayman Islands,Saint Vincent and the Grenadines,24.0
Cayman Islands,Samoa,1713.0
Cayman Islands,Seychelles,21.0
Cayman Islands,Singapore,84.0
Cayman Islands,State of Delaware,232.0
Cayman Islands,Sweden,1.0
Cayman Islands,Switzerland,88.0
Cayman Islands,Turks and Caicos Islands,3.0
Cayman Islands,US Virgin Islands,2.0
Cayman Islands,Ukraine,1.0
Cayman Islands,United Arab Emirates,23.0
Cayman Islands,United Kingdom,270.0
Cayman Islands,United States,1060.0
British Virgin Islands,Central African Republic,2.0
British Virgin Islands,Chad,20.0
Chad,Panama,2.0
Bahamas,Chile,28.0
Barbados,Chile,2.0
Bermuda,Chile,2.0
British Anguilla,Chile,4.0
British Virgin Islands,Chile,93.0
Canada,Chile,1.0
Chile,China,3.0
Chile,Costa Rica,2.0
Chile,Cyprus,3.0
Chile,Hong Kong,7.0
Chile,Ireland,2.0
Chile,Nevada,12.0
Chile,Panama,173.0
Chile,Russia,10.0
Chile,Seychelles,4.0
Chile,United Kingdom,6.0
Chile,United States,3.0
Chile,Wyoming,2.0
Austria,China,10.0
China,Cook Islands,10.0
China,Croatia,2.0
China,Curaçao,7.0
China,Cyprus,528.0
China,Czech Republic,16.0
China,France,5.0
China,Georgia,3.0
China,Germany,12.0
China,Gibraltar,15.0
China,Hong Kong,2517.0
China,Ireland,401.0
China,Isle of Man,4.0
China,Israel,18.0
China,Jersey,68.0
China,Kazakhstan,10.0
China,Labuan,0.5
China,Latvia,170.0
China,Luxembourg,49.0
China,Malaysia,53.0
China,Malta,15.0
China,Mauritius,20.0
China,Netherlands,17.0
China,Nevada,18.0
China,Niue,24.0
China,Panama,704.0
China,Russia,1723.0
China,Saint Kitts and Nevis,146.0
China,Samoa,771.5
China,Serbia,3.0
China,Seychelles,1511.0
China,Singapore,191.5
China,South Africa,8.0
China,Sweden,10.0
China,Switzerland,39.0
China,Thailand,18.0
China,Turks and Caicos Islands,3.0
China,US Virgin Islands,45.0
China,Ukraine,36.0
China,United Arab Emirates,139.0
China,United Kingdom,2102.0
China,United States,699.0
China,Vanuatu,5.0
Bahamas,Colombia,44.0
Belize,Colombia,38.0
Bermuda,Colombia,4.0
British Anguilla,Colombia,118.0
British Virgin Islands,Colombia,541.0
Cayman Islands,Colombia,6.0
Colombia,Costa Rica,84.0
Colombia,Cyprus,4.0
Colombia,Hong Kong,5.0
Colombia,Ireland,1.0
Colombia,Latvia,1.0
Colombia,Luxembourg,1.0
Colombia,Malta,2.0
Colombia,Nevada,20.0
Colombia,New Zealand,6.0
Colombia,Niue,4.0
Colombia,Panama,2715.0
Colombia,Russia,4.0
Colombia,Saint Kitts and Nevis,6.0
Colombia,Samoa,12.0
Colombia,Seychelles,36.0
Colombia,United Kingdom,104.0
Colombia,United States,1.0
Colombia,Uruguay,2.0
British Virgin Islands,Congo,3.0
Congo,Ireland,1.0
Congo,Russia,1.0
Congo,Singapore,1.0
Antigua and Barbuda,Cook Islands,1.0
Austria,Cook Islands,1.0
Cook Islands,Cyprus,24.0
Cook Islands,Gibraltar,1.0
Cook Islands,Hong Kong,127.0
Cook Islands,Indonesia,14.0
Cook Islands,Ireland,23.0
Cook Islands,Jersey,5.0
Cook Islands,Latvia,7.5
Cook Islands,Netherlands,1.5
Cook Islands,Niue,2.0
Cook Islands,Panama,34.5
Cook Islands,Russia,65.0
Cook Islands,Saint Kitts and Nevis,15.0
Cook Islands,Samoa,4.0
Cook Islands,Seychelles,7.5
Cook Islands,Singapore,106.0
Cook Islands,Switzerland,9.0
Cook Islands,Turks and Caicos Islands,1.5
Cook Islands,United Arab Emirates,9.0
Cook Islands,United Kingdom,108.5
Cook Islands,United States,105.0
British Anguilla,Costa Rica,22.0
British Virgin Islands,Costa Rica,288.0
Cayman Islands,Costa Rica,4.0
China,Costa Rica,1.0
Costa Rica,Hong Kong,11.0
Costa Rica,Isle of Man,2.0
Costa Rica,Nevada,4.0
Costa Rica,Niue,8.0
Costa Rica,Panama,1383.0
Costa Rica,Russia,1.0
Costa Rica,Samoa,5.5
Costa Rica,Seychelles,4.0
Costa Rica,Singapore,1.0
Costa Rica,United Kingdom,3.0
Barbados,Croatia,2.0
Croatia,Cyprus,2.0
Croatia,Ireland,3.0
Croatia,Panama,3.0
Croatia,Russia,2.0
Croatia,Saint Kitts and Nevis,1.0
Barbados,Cuba,2.0
British Virgin Islands,Cuba,16.0
Cayman Islands,Cuba,2.0
Cuba,Panama,6.0
Barbados,Curaçao,38.0
Bermuda,Curaçao,2.0
Curaçao,Cyprus,2.0
Curaçao,Hong Kong,8.0
Curaçao,Ireland,1.0
Curaçao,Jersey,1.0
Curaçao,Panama,18.0
Curaçao,Russia,2.0
Curaçao,Seychelles,24.0
Curaçao,Singapore,3.5
Curaçao,United Arab Emirates,2.0
Curaçao,United Kingdom,2.0
Curaçao,United States,5.0
Antigua and Barbuda,Cyprus,4.0
British Anguilla,Cyprus,10.0
Cyprus,Czech Republic,7.0
Cyprus,Germany,20.0
Cyprus,Gibraltar,1.0
Cyprus,Hong Kong,801.0
Cyprus,Ireland,53.0
Cyprus,Isle of Man,24.0
Cyprus,Jersey,19.0
Cyprus,Labuan,1.0
Cyprus,Latvia,10.0
Cyprus,Luxembourg,16.0
Cyprus,Malaysia,91.0
Cyprus,Mauritius,8.0
Cyprus,Netherlands,7.0
Cyprus,Nevada,2.0
Cyprus,Niue,626.0
Cyprus,Panama,759.0
Cyprus,Russia,208.0
Cyprus,Saint Kitts and Nevis,21.0
Cyprus,Saint Lucia,1.5
Cyprus,Samoa,51.5
Cyprus,Seychelles,915.0
Cyprus,Singapore,235.0
Cyprus,Switzerland,41.0
Cyprus,Ukraine,5.0
Cyprus,United Arab Emirates,16.0
Cyprus,United Kingdom,232.0
Cyprus,United States,234.0
Bahamas,Czech Republic,4.0
Barbados,Czech Republic,2.0
Belize,Czech Republic,1.0
Canada,Czech Republic,1.0
Czech Republic,Hong Kong,27.0
Czech Republic,Ireland,1.0
Czech Republic,Isle of Man,2.0
Czech Republic,Netherlands,1.0
Czech Republic,Panama,15.0
Czech Republic,Russia,8.0
Czech Republic,Samoa,4.0
Czech Republic,Seychelles,3.0
Czech Republic,Singapore,5.0
Czech Republic,United Kingdom,5.0
British Virgin Islands,Côte d'Ivoire,22.0
Cyprus,Côte d'Ivoire,1.0
Côte d'Ivoire,Hong Kong,2.0
Côte d'Ivoire,Ireland,1.0
Côte d'Ivoire,Nevada,2.0
Côte d'Ivoire,Niue,2.0
Côte d'Ivoire,Panama,14.0
Côte d'Ivoire,Samoa,4.0
Côte d'Ivoire,United Kingdom,1.0
Bahamas,Denmark,8.0
Barbados,Denmark,2.0
Bermuda,Denmark,4.0
British Virgin Islands,Denmark,17.0
Denmark,Hong Kong,5.0
Denmark,Latvia,1.0
Denmark,Panama,9.0
Denmark,Russia,2.0
Denmark,Saint Kitts and Nevis,1.0
Denmark,Seychelles,5.0
Denmark,Ukraine,1.0
Denmark,United Kingdom,1.0
Denmark,United States,1.0
British Virgin Islands,Djibouti,1.0
Canada,Djibouti,2.0
China,Djibouti,1.0
Djibouti,Panama,2.0
Barbados,Dominica,2.0
British Virgin Islands,Dominica,9.0
Dominica,Hong Kong,2.0
Dominica,Israel,1.0
Dominica,Jersey,1.0
Dominica,Panama,124.0
Bahamas,Dominican Republic,16.0
Barbados,Dominican Republic,6.0
British Anguilla,Dominican Republic,48.0
British Virgin Islands,Dominican Republic,275.0
Canada,Dominican Republic,2.0
Cayman Islands,Dominican Republic,10.0
Cyprus,Dominican Republic,1.0
Dominican Republic,Hong Kong,4.0
Dominican Republic,Ireland,1.0
Dominican Republic,Panama,624.0
Dominican Republic,Saint Kitts and Nevis,1.0
Dominican Republic,Samoa,2.0
Dominican Republic,Seychelles,23.0
Dominican Republic,United Kingdom,4.0
Dominican Republic,United States,2.0
Bahamas,Ecuador,98.0
Barbados,Ecuador,4.0
Belize,Ecuador,10.0
Bermuda,Ecuador,2.0
British Anguilla,Ecuador,292.0
British Virgin Islands,Ecuador,507.0
Canada,Ecuador,1.0
Cayman Islands,Ecuador,2.0
Costa Rica,Ecuador,16.0
Ecuador,Hong Kong,7.0
Ecuador,Ireland,1.0
Ecuador,Nevada,398.0
Ecuador,New Zealand,18.0
Ecuador,Niue,52.0
Ecuador,Panama,2203.0
Ecuador,Samoa,40.0
Ecuador,Seychelles,52.0
Ecuador,United Kingdom,14.0
Ecuador,Uruguay,4.0
Bahamas,Egypt,10.0
Barbados,Egypt,2.0
Bermuda,Egypt,6.0
British Virgin Islands,Egypt,55.0
Cayman Islands,Egypt,2.0
China,Egypt,1.0
Cyprus,Egypt,2.0
Egypt,Hong Kong,5.0
Egypt,Panama,44.0
Egypt,Russia,8.0
Egypt,Seychelles,4.0
Egypt,United Kingdom,4.0
Bahamas,El Salvador,12.0
Barbados,El Salvador,4.0
British Anguilla,El Salvador,2.0
British Virgin Islands,El Salvador,40.0
China,El Salvador,1.0
El Salvador,Hong Kong,2.0
El Salvador,Nevada,14.0
El Salvador,Niue,2.0
El Salvador,Panama,391.0
El Salvador,Seychelles,10.0
Bahamas,Estonia,228.0
British Anguilla,Estonia,2.0
British Virgin Islands,Estonia,1295.5
China,Estonia,4.0
Cyprus,Estonia,4.0
Estonia,Hong Kong,2.0
Estonia,Isle of Man,2.0
Estonia,Malta,2.0
Estonia,Niue,136.0
Estonia,Panama,28.0
Estonia,Russia,1.0
Estonia,Samoa,6.0
Estonia,Seychelles,68.0
British Virgin Islands,Fiji,12.0
Canada,Fiji,1.0
Cook Islands,Fiji,2.0
Fiji,Hong Kong,2.0
Fiji,Ireland,2.0
Fiji,Latvia,1.0
Fiji,Russia,3.0
Fiji,Singapore,1.5
Fiji,United Kingdom,2.0
Fiji,United States,2.0
Bahamas,Finland,64.0
Belize,Finland,1.0
British Virgin Islands,Finland,71.5
Canada,Finland,1.0
Cayman Islands,Finland,14.0
China,Finland,3.0
Cyprus,Finland,2.0
Finland,Hong Kong,4.0
Finland,Niue,2.0
Finland,Panama,8.0
Finland,Russia,2.0
Finland,Saint Kitts and Nevis,1.0
Finland,Seychelles,8.0
Finland,Singapore,1.0
Finland,United Kingdom,7.0
Finland,United States,2.0
Antigua and Barbuda,France,1.0
Bahamas,France,46.0
Barbados,France,4.0
Bermuda,France,50.0
British Anguilla,France,20.0
British Virgin Islands,France,408.5
Canada,France,1.0
Cayman Islands,France,12.0
Cook Islands,France,3.0
Cyprus,France,8.5
France,Hong Kong,35.0
France,Indonesia,1.0
France,Ireland,8.0
France,Isle of Man,2.0
France,Jersey,1.0
France,Labuan,0.5
France,Latvia,2.0
France,Malaysia,1.0
France,Nevada,2.0
France,Niue,36.0
France,Panama,168.0
France,Russia,35.0
France,Saint Kitts and Nevis,3.0
France,Samoa,7.5
France,Seychelles,33.0
France,Singapore,2.0
France,United Arab Emirates,1.0
France,United Kingdom,38.0
France,United States,10.0
British Virgin Islands,French Guiana,40.0
Cayman Islands,French Guiana,16.0
French Guiana,Guernsey,4.0
British Virgin Islands,French Polynesia,14.0
French Polynesia,Hong Kong,4.0
French Polynesia,Latvia,2.0
French Polynesia,Panama,3.0
French Polynesia,Russia,3.0
French Polynesia,United Kingdom,6.0
French Polynesia,United States,2.0
British Virgin Islands,Gabon,2.0
Gabon,Panama,1.0
Gabon,Russia,2.0
British Anguilla,Georgia,2.0
British Virgin Islands,Georgia,8.0
Cook Islands,Georgia,0.5
Georgia,Ireland,2.0
Georgia,Panama,1.0
Georgia,Russia,1.0
Georgia,United Arab Emirates,1.0
Georgia,United Kingdom,2.0
Bahamas,Germany,2.0
Barbados,Germany,6.0
Belize,Germany,4.0
Bermuda,Germany,8.0
British Anguilla,Germany,2.0
Canada,Germany,8.0
Cayman Islands,Germany,10.0
Germany,Hong Kong,65.0
Germany,Ireland,11.0
Germany,Isle of Man,2.0
Germany,Jersey,3.0
Germany,Latvia,7.0
Germany,Luxembourg,2.0
Germany,Mauritius,1.0
Germany,Niue,4.0
Germany,Panama,273.0
Germany,Russia,32.0
Germany,Saint Kitts and Nevis,7.0
Germany,Samoa,1.5
Germany,Seychelles,23.0
Germany,United Arab Emirates,5.0
Germany,United Kingdom,37.0
Germany,United States,22.0
Bahamas,Ghana,2.0
British Anguilla,Ghana,2.0
British Virgin Islands,Ghana,5.0
Ghana,Hong Kong,1.0
Ghana,Russia,2.0
Ghana,United Kingdom,1.0
Ghana,United States,1.0
Barbados,Gibraltar,16.0
Belize,Gibraltar,4.0
Gibraltar,Hong Kong,22.0
Gibraltar,Ireland,4.0
Gibraltar,Isle of Man,9.0
Gibraltar,Jersey,1.0
Gibraltar,Luxembourg,1.0
Gibraltar,Malta,2.0
Gibraltar,Nevada,4.0
Gibraltar,Niue,56.0
Gibraltar,Panama,396.0
Gibraltar,Russia,11.0
Gibraltar,Samoa,30.0
Gibraltar,Seychelles,128.0
Gibraltar,Singapore,2.5
Gibraltar,Switzerland,1.0
Gibraltar,Thailand,2.0
Gibraltar,Ukraine,1.0
Gibraltar,United Kingdom,10.0
Gibraltar,United States,6.0
Bahamas,Greece,14.0
Bermuda,Greece,10.0
British Virgin Islands,Greece,172.0
Canada,Greece,4.0
Cayman Islands,Greece,2.0
China,Greece,7.0
Cyprus,Greece,3.0
Greece,Hong Kong,10.0
Greece,Ireland,2.0
Greece,Jersey,1.0
Greece,Liberia,2.0
Greece,Malta,1.0
Greece,Panama,273.0
Greece,Russia,13.0
Greece,Seychelles,43.0
Greece,United Arab Emirates,1.0
Greece,United Kingdom,12.0
Greece,United States,1.0
Barbados,Grenada,4.0
British Virgin Islands,Grenada,4.0
Grenada,Panama,1.0
Grenada,Saint Kitts and Nevis,8.0
British Virgin Islands,Guam,2.0
Guam,United States,1.0
Bahamas,Guatemala,78.0
British Anguilla,Guatemala,46.0
British Virgin Islands,Guatemala,370.0
Cayman Islands,Guatemala,16.0
Guatemala,Niue,280.0
Guatemala,Panama,1602.0
Guatemala,Saint Kitts and Nevis,8.0
Guatemala,Samoa,32.0
Guatemala,Seychelles,60.0
Bahamas,Guernsey,3008.0
Barbados,Guernsey,26.0
Bermuda,Guernsey,6.0
British Anguilla,Guernsey,54.0
British Virgin Islands,Guernsey,9562.0
Canada,Guernsey,5.0
China,Guernsey,9.0
Cook Islands,Guernsey,4.0
Cyprus,Guernsey,8.0
Czech Republic,Guernsey,2.0
Guernsey,Hong Kong,25.0
Guernsey,Ireland,8.0
Guernsey,Isle of Man,52.0
Guernsey,Jersey,16.0
Guernsey,Luxembourg,1.0
Guernsey,Niue,604.0
Guernsey,Panama,1423.0
Guernsey,Russia,24.0
Guernsey,Saint Kitts and Nevis,3.0
Guernsey,Samoa,38.0
Guernsey,Seychelles,106.0
Guernsey,Sweden,2.0
Guernsey,Turks and Caicos Islands,2.0
Guernsey,United Arab Emirates,3.0
Guernsey,United Kingdom,38.0
Guernsey,United States,15.0
Guernsey,Uruguay,2.0
Guinea,Switzerland,1.0
Guinea,United Kingdom,1.0
Barbados,Guyana,4.0
British Virgin Islands,Guyana,1.0
Cyprus,Guyana,1.0
British Virgin Islands,Haiti,6.0
Haiti,Nevada,10.0
Bahamas,Honduras,2.0
British Virgin Islands,Honduras,8.0
Cayman Islands,Honduras,2.0
Honduras,Panama,38.0
Croatia,Hong Kong,2.0
Georgia,Hong Kong,1.0
Grenada,Hong Kong,1.0
Hong Kong,Ireland,631.0
Hong Kong,Isle of Man,42.0
Hong Kong,Israel,45.0
Hong Kong,Japan,115.0
Hong Kong,Jersey,250.0
Hong Kong,Kuwait,5.0
Hong Kong,Labuan,12.5
Hong Kong,Latvia,253.0
Hong Kong,Luxembourg,167.0
Hong Kong,Malaysia,357.5
Hong Kong,Malta,29.0
Hong Kong,Marshall Islands,4.5
Hong Kong,Mauritius,55.5
Hong Kong,Netherlands,78.0
Hong Kong,Nevada,86.0
Hong Kong,Niue,2111.0
Hong Kong,Panama,2541.5
Hong Kong,Portugal,6.0
Hong Kong,Russia,2524.5
Hong Kong,Saint Kitts and Nevis,265.0
Hong Kong,Samoa,6253.0
Hong Kong,Serbia,6.0
Hong Kong,Seychelles,7830.5
Hong Kong,Singapore,1171.5
Hong Kong,South Africa,18.0
Hong Kong,South Korea,47.0
Hong Kong,Sweden,46.0
Hong Kong,Switzerland,192.0
Hong Kong,Taiwan,3725.0
Hong Kong,Thailand,164.0
Hong Kong,Turks and Caicos Islands,12.0
Hong Kong,US Virgin Islands,135.0
Hong Kong,Ukraine,64.0
Hong Kong,United Arab Emirates,290.0
Hong Kong,United Kingdom,3243.5
Hong Kong,United States,1804.5
Hong Kong,Vanuatu,12.5
Bahamas,Hungary,8.0
Barbados,Hungary,6.0
British Virgin Islands,Hungary,58.0
Canada,Hungary,1.0
Curaçao,Hungary,1.0
Cyprus,Hungary,1.0
Hong Kong,Hungary,3.0
Hungary,Luxembourg,1.0
Hungary,Nevada,2.0
Hungary,Niue,50.0
Hungary,Panama,14.0
Hungary,Russia,2.0
Hungary,Samoa,2.0
Hungary,Seychelles,54.0
Hungary,Ukraine,2.0
Hungary,United Kingdom,3.0
Hungary,United States,3.0
Bermuda,Iceland,4.0
British Virgin Islands,Iceland,29.0
Iceland,Panama,2.0
Iceland,Switzerland,1.0
Iceland,United Kingdom,1.0
Barbados,India,2.0
Belize,India,1.0
Bermuda,India,20.0
British Virgin Islands,India,528.5
Canada,India,16.0
Cayman Islands,India,4.0
China,India,16.0
Cyprus,India,30.0
Czech Republic,India,2.0
Hong Kong,India,135.0
India,Ireland,25.0
India,Isle of Man,16.0
India,Jersey,4.0
India,Kuwait,1.0
India,Latvia,12.0
India,Luxembourg,6.0
India,Malta,1.0
India,Niue,2.0
India,Panama,58.0
India,Russia,121.0
India,Saint Kitts and Nevis,7.0
India,Samoa,3.0
India,Serbia,1.0
India,Seychelles,26.0
India,Singapore,6.0
India,South Africa,1.0
India,Sweden,1.0
India,Switzerland,1.0
India,Ukraine,2.0
India,United Arab Emirates,8.0
India,United Kingdom,175.0
India,United States,50.0
Antigua and Barbuda,Indonesia,8.0
Austria,Indonesia,2.0
Bahamas,Indonesia,2.5
Belize,Indonesia,4.0
Bermuda,Indonesia,10.0
British Virgin Islands,Indonesia,2295.0
Cayman Islands,Indonesia,20.0
China,Indonesia,69.0
Croatia,Indonesia,1.0
Curaçao,Indonesia,2.0
Cyprus,Indonesia,142.0
Czech Republic,Indonesia,5.0
Gibraltar,Indonesia,3.0
Hong Kong,Indonesia,656.5
Indonesia,Ireland,121.0
Indonesia,Israel,1.0
Indonesia,Jersey,12.0
Indonesia,Latvia,50.0
Indonesia,Luxembourg,20.0
Indonesia,Malta,3.0
Indonesia,Mauritius,2.0
Indonesia,Netherlands,6.0
Indonesia,Panama,238.0
Indonesia,Russia,444.0
Indonesia,Saint Kitts and Nevis,42.0
Indonesia,Samoa,23.5
Indonesia,Seychelles,82.0
Indonesia,Singapore,42.5
Indonesia,South Africa,1.0
Indonesia,Sweden,3.0
Indonesia,Switzerland,7.0
Indonesia,Taiwan,1.0
Indonesia,Turks and Caicos Islands,1.0
Indonesia,Ukraine,4.0
Indonesia,United Arab Emirates,32.0
Indonesia,United Kingdom,759.0
Indonesia,United States,202.0
British Virgin Islands,Iran,3.0
Canada,Iran,1.0
Iran,Ireland,1.0
Iran,Panama,8.0
Iran,Russia,1.0
Iran,United Kingdom,1.0
Iran,United States,1.0
Barbados,Ireland,26.0
Ireland,Isle of Man,64.0
Ireland,Jersey,10.0
Ireland,Niue,62.0
Ireland,Panama,120.0
Ireland,Russia,117.0
Ireland,Saint Kitts and Nevis,3.0
Ireland,Samoa,49.0
Ireland,Seychelles,42.0
Ireland,Singapore,232.0
Ireland,United Arab Emirates,23.0
Ireland,United Kingdom,54.0
Bahamas,Isle of Man,1770.0
Barbados,Isle of Man,52.0
Bermuda,Isle of Man,10.0
British Anguilla,Isle of Man,70.0
Isle of Man,Isle of Man,14.0
Isle of Man,Jersey,56.0
Isle of Man,Malta,4.0
Isle of Man,Nevada,14.0
Isle of Man,Niue,542.0
Isle of Man,Panama,1002.0
Isle of Man,Russia,6.0
Isle of Man,Samoa,140.0
Isle of Man,Seychelles,160.0
Isle of Man,United Arab Emirates,6.0
Isle of Man,United Kingdom,216.0
Isle of Man,United States,56.0
Isle of Man,Uruguay,2.0
Bahamas,Israel,32.0
Barbados,Israel,2.0
Belize,Israel,24.0
Bermuda,Israel,2.0
British Anguilla,Israel,300.0
Canada,Israel,2.0
Cayman Islands,Israel,8.0
Cyprus,Israel,10.0
Ireland,Israel,7.0
Isle of Man,Israel,4.0
Israel,Jersey,3.0
Israel,Latvia,1.0
Israel,Malta,8.0
Israel,Mauritius,1.0
Israel,Netherlands,1.0
Israel,Niue,22.0
Israel,Panama,273.0
Israel,Russia,24.0
Israel,Saint Kitts and Nevis,1.0
Israel,Samoa,94.0
Israel,Seychelles,246.0
Israel,Singapore,3.0
Israel,Switzerland,1.0
Israel,United Arab Emirates,2.0
Israel,United Kingdom,28.0
Israel,United States,12.0
Antigua and Barbuda,Italy,1.0
Bahamas,Italy,6.0
Belize,Italy,1.0
British Anguilla,Italy,408.0
British Virgin Islands,Italy,142.0
Canada,Italy,2.0
Cayman Islands,Italy,4.0
China,Italy,2.0
Cook Islands,Italy,0.5
Croatia,Italy,1.0
Cyprus,Italy,34.0
Hong Kong,Italy,28.0
Ireland,Italy,4.0
Isle of Man,Italy,4.0
Italy,Jersey,2.0
Italy,Latvia,3.0
Italy,Nevada,14.0
Italy,Niue,44.0
Italy,Panama,89.0
Italy,Russia,15.0
Italy,Saint Kitts and Nevis,2.0
Italy,Samoa,6.0
Italy,Seychelles,47.0
Italy,South Africa,1.0
Italy,Ukraine,1.0
Italy,United Arab Emirates,2.0
Italy,United Kingdom,16.0
Italy,United States,8.0
Bahamas,Jamaica,2.0
Barbados,Jamaica,24.0
British Virgin Islands,Jamaica,12.0
Cayman Islands,Jamaica,10.0
Hong Kong,Jamaica,2.0
Jamaica,Panama,1.0
Jamaica,United Kingdom,1.0
Jamaica,United States,1.0
Antigua and Barbuda,Japan,1.0
Belize,Japan,1.0
Bermuda,Japan,16.0
British Virgin Islands,Japan,404.0
Canada,Japan,17.0
Cayman Islands,Japan,32.0
China,Japan,21.0
Cook Islands,Japan,2.0
Cyprus,Japan,27.0
Gibraltar,Japan,1.0
Ireland,Japan,22.0
Japan,Latvia,13.0
Japan,Luxembourg,1.0
Japan,Mauritius,1.0
Japan,Niue,4.0
Japan,Panama,50.0
Japan,Russia,70.0
Japan,Saint Kitts and Nevis,9.0
Japan,Samoa,1.5
Japan,Seychelles,20.0
Japan,Singapore,3.0
Japan,Ukraine,1.0
Japan,United Arab Emirates,9.0
Japan,United Kingdom,121.0
Japan,United States,32.0
Bahamas,Jersey,2488.0
Barbados,Jersey,88.0
Belize,Jersey,2.0
British Anguilla,Jersey,4.0
Jersey,Latvia,2.0
Jersey,Luxembourg,1.0
Jersey,Malta,8.0
Jersey,Mauritius,9.0
Jersey,Nevada,6.0
Jersey,Niue,688.0
Jersey,Panama,4275.0
Jersey,Russia,48.0
Jersey,Saint Kitts and Nevis,6.0
Jersey,Samoa,38.0
Jersey,Seychelles,43.0
Jersey,Singapore,20.0
Jersey,South Africa,4.0
Jersey,United Arab Emirates,4.0
Jersey,United Kingdom,75.0
Jersey,United States,40.0
Jersey,Wyoming,2.0
Bahamas,Jordan,28.0
Bermuda,Jordan,2.0
British Virgin Islands,Jordan,2294.0
Canada,Jordan,1.0
China,Jordan,1.0
Gibraltar,Jordan,1.0
Hong Kong,Jordan,1.0
Jordan,Panama,788.0
Jordan,Seychelles,2.0
Jordan,United States,1.0
Antigua and Barbuda,Kazakhstan,1.0
Bermuda,Kazakhstan,2.0
British Virgin Islands,Kazakhstan,78.0
Canada,Kazakhstan,2.0
Cayman Islands,Kazakhstan,1.5
Cyprus,Kazakhstan,3.0
Germany,Kazakhstan,1.0
Hong Kong,Kazakhstan,15.0
Ireland,Kazakhstan,7.0
Kazakhstan,Labuan,0.5
Kazakhstan,Luxembourg,2.0
Kazakhstan,Malaysia,1.0
Kazakhstan,Netherlands,1.0
Kazakhstan,Panama,9.0
Kazakhstan,Russia,14.0
Kazakhstan,Switzerland,1.0
Kazakhstan,Ukraine,1.0
Kazakhstan,United Arab Emirates,2.0
Kazakhstan,United Kingdom,14.0
Kazakhstan,United States,3.0
Bahamas,Kenya,2.0
British Anguilla,Kenya,4.0
British Virgin Islands,Kenya,40.0
Cayman Islands,Kenya,2.0
China,Kenya,4.0
Cyprus,Kenya,1.0
Hong Kong,Kenya,3.0
Isle of Man,Kenya,2.0
Kenya,Latvia,1.0
Kenya,Panama,13.0
Kenya,Russia,2.0
Kenya,Seychelles,2.0
Kenya,United Kingdom,1.0
Bahamas,Kuwait,4.0
Bermuda,Kuwait,2.0
British Virgin Islands,Kuwait,35.0
Canada,Kuwait,1.0
Cayman Islands,Kuwait,8.0
Cyprus,Kuwait,3.0
Ireland,Kuwait,1.0
Kuwait,Luxembourg,1.0
Kuwait,Panama,73.0
Kuwait,Russia,4.0
Kuwait,Seychelles,26.0
Kuwait,United Kingdom,3.0
Kuwait,United States,3.0
British Virgin Islands,Kyrgyzstan,3.0
Hong Kong,Kyrgyzstan,1.0
Ireland,Kyrgyzstan,1.0
Isle of Man,Kyrgyzstan,2.0
Kyrgyzstan,United Kingdom,1.0
Kyrgyzstan,United States,1.0
British Virgin Islands,Laos,1.0
Hong Kong,Laos,1.0
Ireland,Laos,1.0
Belize,Latvia,1.0
Ireland,Latvia,3.0
Latvia,Niue,26.0
Latvia,Panama,34.0
Latvia,Russia,42.0
Latvia,Saint Kitts and Nevis,1.0
Latvia,Seychelles,2.0
Latvia,United Kingdom,20.0
Latvia,United States,72.0
Bahamas,Lebanon,14.0
Bermuda,Lebanon,2.0
British Virgin Islands,Lebanon,435.0
Cayman Islands,Lebanon,2.0
China,Lebanon,1.0
Hong Kong,Lebanon,8.0
Ireland,Lebanon,1.0
Latvia,Lebanon,1.0
Lebanon,Niue,92.0
Lebanon,Panama,244.0
Lebanon,Samoa,24.0
Lebanon,Seychelles,176.0
Lebanon,United Kingdom,3.0
Lebanon,United States,1.0
British Virgin Islands,Lesotho,1.0
Lesotho,Russia,1.0
Lesotho,Seychelles,2.0
Lesotho,Switzerland,1.0
Barbados,Liberia,38.0
British Virgin Islands,Liberia,22.0
China,Liberia,1.0
Cyprus,Liberia,1.0
Hong Kong,Liberia,13.0
Jersey,Liberia,1.0
Liberia,Liechtenstein,72.0
Liberia,Panama,7.0
Liberia,Russia,2.0
Liberia,Switzerland,1.0
Liberia,United Kingdom,7.0
British Virgin Islands,Libya,5.0
Cyprus,Libya,1.0
Libya,Panama,3.0
Libya,Russia,2.0
Libya,United Kingdom,1.0
Bahamas,Liechtenstein,174.0
Barbados,Liechtenstein,10.0
British Anguilla,Liechtenstein,10.0
British Virgin Islands,Liechtenstein,2587.0
Canada,Liechtenstein,2.0
China,Liechtenstein,3.0
Curaçao,Liechtenstein,1.0
Cyprus,Liechtenstein,3.0
Hong Kong,Liechtenstein,38.0
Latvia,Liechtenstein,1.0
Liechtenstein,Niue,98.0
Liechtenstein,Panama,894.0
Liechtenstein,Russia,16.0
Liechtenstein,Saint Kitts and Nevis,1.0
Liechtenstein,Samoa,64.0
Liechtenstein,Seychelles,339.0
Liechtenstein,Singapore,7.0
Liechtenstein,Ukraine,1.0
Liechtenstein,United Arab Emirates,2.0
Liechtenstein,United Kingdom,11.0
Liechtenstein,United States,4.0
Bahamas,Lithuania,4.0
British Anguilla,Lithuania,2.0
British Virgin Islands,Lithuania,13.0
Jersey,Lithuania,1.0
Latvia,Lithuania,1.0
Lithuania,Niue,40.0
Lithuania,Panama,13.0
Lithuania,Russia,1.0
Lithuania,United Kingdom,2.0
Barbados,Luxembourg,22.0
Belize,Luxembourg,16.0
Bermuda,Luxembourg,8.0
British Anguilla,Luxembourg,14.0
Costa Rica,Luxembourg,2.0
Ireland,Luxembourg,3.0
Latvia,Luxembourg,2.0
Luxembourg,Malta,12.0
Luxembourg,Nevada,58.0
Luxembourg,Niue,438.0
Luxembourg,Panama,11169.0
Luxembourg,Samoa,32.0
Luxembourg,Seychelles,2845.0
Luxembourg,United Kingdom,10.0
Luxembourg,United States,22.0
Luxembourg,Uruguay,2.0
Luxembourg,Wyoming,2.0
Belize,Macao,1.0
Bermuda,Macao,4.0
British Virgin Islands,Macao,138.0
Canada,Macao,4.0
China,Macao,5.0
Cook Islands,Macao,0.5
Cyprus,Macao,9.0
Hong Kong,Macao,33.0
Ireland,Macao,9.0
Jersey,Macao,2.0
Latvia,Macao,2.0
Macao,Malta,230.0
Macao,Panama,9.0
Macao,Russia,13.0
Macao,Saint Kitts and Nevis,2.0
Macao,Seychelles,5.0
Macao,United Arab Emirates,3.0
Macao,United Kingdom,19.0
Macao,United States,6.0
British Virgin Islands,Macedonia,3.0
Macedonia,Seychelles,2.0
Macedonia,United Kingdom,1.0
British Virgin Islands,Madagascar,4.0
Canada,Madagascar,1.0
Hong Kong,Madagascar,4.0
Madagascar,Russia,2.0
Madagascar,United Kingdom,1.0
British Virgin Islands,Malawi,11.0
Canada,Malawi,1.0
China,Malawi,5.0
Cyprus,Malawi,1.0
Ireland,Malawi,1.0
Latvia,Malawi,1.0
Malawi,Seychelles,1.0
Antigua and Barbuda,Malaysia,6.0
Austria,Malaysia,3.0
Bahamas,Malaysia,2.0
Barbados,Malaysia,2.0
Belize,Malaysia,2.0
Bermuda,Malaysia,34.0
British Anguilla,Malaysia,2.0
Cayman Islands,Malaysia,3.5
Cook Islands,Malaysia,3.5
Curaçao,Malaysia,6.0
Czech Republic,Malaysia,1.0
Germany,Malaysia,5.0
Gibraltar,Malaysia,1.0
Ireland,Malaysia,74.0
Jersey,Malaysia,6.0
Labuan,Malaysia,845.0
Latvia,Malaysia,32.0
Luxembourg,Malaysia,7.0
Malaysia,Malta,4.0
Malaysia,Mauritius,3.0
Malaysia,Netherlands,3.0
Malaysia,Niue,8.0
Malaysia,Panama,128.0
Malaysia,Russia,294.0
Malaysia,Saint Kitts and Nevis,36.0
Malaysia,Saint Lucia,1.5
Malaysia,Samoa,11.0
Malaysia,Seychelles,45.0
Malaysia,Singapore,35.0
Malaysia,Sweden,3.0
Malaysia,Switzerland,8.0
Malaysia,United Arab Emirates,15.0
Malaysia,United Kingdom,347.0
Malaysia,United States,115.0
British Virgin Islands,Mali,16.0
Barbados,Malta,2.0
Canada,Malta,1.0
Cyprus,Malta,4.0
Ireland,Malta,1.0
Malta,New Zealand,18.0
Malta,Niue,110.0
Malta,Panama,219.0
Malta,Russia,2.0
Malta,Saint Kitts and Nevis,1.0
Malta,Seychelles,62.0
Malta,United Arab Emirates,1.0
Malta,United Kingdom,20.0
Malta,United States,9.0
Barbados,Marshall Islands,2.0
Isle of Man,Marshall Islands,2.0
Marshall Islands,Russia,1.0
Marshall Islands,United Kingdom,3.0
Marshall Islands,United States,3.5
Antigua and Barbuda,Mauritius,2.0
Bahamas,Mauritius,272.0
Barbados,Mauritius,6.0
Bermuda,Mauritius,4.0
Cayman Islands,Mauritius,4.0
Cook Islands,Mauritius,0.5
Ireland,Mauritius,8.0
Isle of Man,Mauritius,2.0
Latvia,Mauritius,5.0
Mauritius,Niue,64.0
Mauritius,Panama,226.0
Mauritius,Russia,16.0
Mauritius,Saint Kitts and Nevis,6.0
Mauritius,Samoa,22.5
Mauritius,Seychelles,33.0
Mauritius,Singapore,17.0
Mauritius,Ukraine,2.0
Mauritius,United Kingdom,30.0
Mauritius,United States,23.0
Bahamas,Mexico,6.0
Barbados,Mexico,6.0
Bermuda,Mexico,2.0
British Virgin Islands,Mexico,63.0
Cayman Islands,Mexico,10.0
China,Mexico,1.0
Hong Kong,Mexico,13.0
Ireland,Mexico,3.0
Latvia,Mexico,1.0
Mexico,Nevada,2.0
Mexico,Panama,83.0
Mexico,Russia,6.0
Mexico,Seychelles,13.0
Mexico,United Kingdom,13.0
Mexico,United States,5.0
British Virgin Islands,Moldova,22.0
Canada,Moldova,1.0
China,Moldova,1.0
Cyprus,Moldova,1.0
Hong Kong,Moldova,7.0
Israel,Moldova,1.0
Moldova,Panama,3.0
Moldova,Russia,2.0
Moldova,United Kingdom,7.0
Bahamas,Monaco,166.0
Belize,Monaco,4.0
Bermuda,Monaco,64.0
British Anguilla,Monaco,8.0
British Virgin Islands,Monaco,2128.0
Canada,Monaco,1.0
Cayman Islands,Monaco,16.0
China,Monaco,2.0
Cyprus,Monaco,2.0
Hong Kong,Monaco,17.0
Ireland,Monaco,4.0
Isle of Man,Monaco,4.0
Latvia,Monaco,1.0
Monaco,Nevada,12.0
Monaco,Niue,98.0
Monaco,Panama,2809.0
Monaco,Russia,17.0
Monaco,Saint Kitts and Nevis,1.0
Monaco,Samoa,40.0
Monaco,Seychelles,1133.0
Monaco,United Kingdom,14.0
Monaco,United States,1.0
British Virgin Islands,Mongolia,11.0
Cyprus,Mongolia,1.0
Hong Kong,Mongolia,3.0
Jersey,Mongolia,1.0
British Virgin Islands,Montenegro,30.0
Hong Kong,Montenegro,2.0
Ireland,Montenegro,1.0
Israel,Montenegro,1.0
Montenegro,Panama,2.0
Montenegro,Russia,1.0
Montenegro,United Kingdom,5.0
Montenegro,United States,1.0
British Virgin Islands,Morocco,43.0
Morocco,Panama,4.0
Morocco,Seychelles,36.0
Morocco,United Kingdom,2.0
Morocco,United States,1.0
British Virgin Islands,Mozambique,2.0
Mozambique,Seychelles,4.0
British Virgin Islands,Myanmar,15.0
China,Myanmar,1.0
Curaçao,Myanmar,1.0
Cyprus,Myanmar,1.0
Hong Kong,Myanmar,3.0
Jersey,Myanmar,1.0
Malta,Myanmar,1.0
Myanmar,Panama,3.0
Myanmar,Russia,2.0
Myanmar,United Kingdom,6.0
Myanmar,United States,1.0
British Virgin Islands,Namibia,2.0
Hong Kong,Namibia,1.0
Namibia,Russia,2.0
Namibia,Seychelles,4.0
British Virgin Islands,Nauru,4.0
Hong Kong,Nauru,3.0
Ireland,Nauru,1.0
Nauru,Panama,2.0
Nauru,United Kingdom,1.0
British Virgin Islands,Nepal,9.0
Canada,Nepal,1.0
Cyprus,Nepal,1.0
Hong Kong,Nepal,4.0
Ireland,Nepal,1.0
Nepal,Panama,1.0
Nepal,Russia,2.0
Nepal,United Kingdom,3.0
Bahamas,Netherlands,56.0
Barbados,Netherlands,36.0
British Anguilla,Netherlands,8.0
Ireland,Netherlands,3.0
Isle of Man,Netherlands,4.0
Jersey,Netherlands,1.0
Latvia,Netherlands,1.0
Netherlands,Netherlands Antilles,2.0
Netherlands,Niue,14.0
Netherlands,Panama,109.0
Netherlands,Russia,22.0
Netherlands,Saint Kitts and Nevis,2.0
Netherlands,Samoa,7.5
Netherlands,Seychelles,18.0
Netherlands,Singapore,14.0
Netherlands,United Arab Emirates,1.0
Netherlands,United Kingdom,22.0
Netherlands,United States,20.0
Bahamas,New Zealand,14.0
Bermuda,New Zealand,36.0
British Virgin Islands,New Zealand,175.5
Canada,New Zealand,3.0
China,New Zealand,9.0
Cook Islands,New Zealand,3.5
Cyprus,New Zealand,7.0
Hong Kong,New Zealand,46.0
Ireland,New Zealand,9.0
Jersey,New Zealand,2.0
Latvia,New Zealand,3.0
Luxembourg,New Zealand,4.0
Netherlands,New Zealand,1.0
Nevada,New Zealand,2.0
New Zealand,Niue,26.0
New Zealand,Panama,33.0
New Zealand,Russia,27.0
New Zealand,Saint Kitts and Nevis,2.0
New Zealand,Samoa,12.0
New Zealand,Seychelles,4.0
New Zealand,Singapore,3.0
New Zealand,United Arab Emirates,1.0
New Zealand,United Kingdom,39.0
New Zealand,United States,15.0
British Virgin Islands,Nicaragua,4.0
Cayman Islands,Nicaragua,2.0
Nicaragua,Panama,20.0
Bahamas,Nigeria,10.0
Barbados,Nigeria,2.0
Bermuda,Nigeria,2.0
British Virgin Islands,Nigeria,30.0
Cayman Islands,Nigeria,4.0
Cyprus,Nigeria,1.0
Hong Kong,Nigeria,4.0
Ireland,Nigeria,1.0
Nigeria,Panama,5.0
Nigeria,Russia,1.0
Nigeria,Seychelles,4.0
Nigeria,United Kingdom,1.0
Niue,Panama,3650.0
Niue,Russia,733.0
Niue,Seychelles,11.0
Norfolk Island,United States,2.0
British Virgin Islands,Northern Mariana Islands,1.5
Bahamas,Norway,2.0
Barbados,Norway,4.0
Bermuda,Norway,52.0
British Virgin Islands,Norway,33.5
Canada,Norway,3.0
Cayman Islands,Norway,12.0
Cyprus,Norway,2.0
Hong Kong,Norway,4.0
Ireland,Norway,2.0
Norway,Panama,19.0
Norway,Russia,3.0
Norway,United Kingdom,11.0
Norway,United States,2.0
British Virgin Islands,Oman,9.0
Cayman Islands,Oman,2.0
Oman,Panama,1.0
Oman,Russia,2.0
Bahamas,Pakistan,2.0
Bermuda,Pakistan,2.0
British Virgin Islands,Pakistan,34.0
Canada,Pakistan,3.0
China,Pakistan,1.0
Cyprus,Pakistan,1.0
Hong Kong,Pakistan,12.0
Ireland,Pakistan,4.0
Luxembourg,Pakistan,1.0
Pakistan,Panama,5.0
Pakistan,Russia,4.0
Pakistan,Saint Kitts and Nevis,2.0
Pakistan,Seychelles,1.0
Pakistan,Singapore,1.0
Pakistan,United Arab Emirates,2.0
Pakistan,United Kingdom,5.0
Pakistan,United States,3.0
British Virgin Islands,Palestine,1.0
Cyprus,Palestine,1.0
Nevada,Panama,164.0
Panama,Russia,440.0
Panama,Saint Kitts and Nevis,244.0
Panama,Samoa,1171.0
Panama,Seychelles,2736.0
Panama,Singapore,418.0
Panama,Sweden,21.0
Panama,Switzerland,23218.0
Panama,Ukraine,83.0
Panama,United Kingdom,3462.0
Panama,United States,1906.0
Panama,Uruguay,5321.0
Panama,Wyoming,10.0
British Virgin Islands,Papua New Guinea,3.0
Ireland,Papua New Guinea,1.0
Latvia,Papua New Guinea,1.0
Papua New Guinea,United Kingdom,1.0
Bahamas,Paraguay,20.0
British Virgin Islands,Paraguay,57.0
Cyprus,Paraguay,1.0
Hong Kong,Paraguay,1.0
Ireland,Paraguay,1.0
Nevada,Paraguay,10.0
Niue,Paraguay,2.0
Panama,Paraguay,169.0
Paraguay,United States,1.0
Bahamas,Peru,4.0
Barbados,Peru,2.0
Bermuda,Peru,2.0
British Virgin Islands,Peru,30.0
China,Peru,3.0
Cyprus,Peru,3.0
Hong Kong,Peru,3.0
Isle of Man,Peru,2.0
New Zealand,Peru,2.0
Niue,Peru,2.0
Panama,Peru,71.0
Peru,Russia,1.0
Peru,Seychelles,2.0
Peru,United Kingdom,3.0
Antigua and Barbuda,Philippines,4.0
Bahamas,Philippines,4.0
Belize,Philippines,1.0
Bermuda,Philippines,18.0
British Anguilla,Philippines,2.0
British Virgin Islands,Philippines,442.5
Canada,Philippines,13.0
Cayman Islands,Philippines,5.0
China,Philippines,18.0
Curaçao,Philippines,1.0
Cyprus,Philippines,25.0
Czech Republic,Philippines,1.0
Germany,Philippines,2.0
Gibraltar,Philippines,1.0
Hong Kong,Philippines,110.5
Indonesia,Philippines,1.0
Ireland,Philippines,18.0
Jersey,Philippines,2.0
Latvia,Philippines,9.0
Luxembourg,Philippines,4.0
Netherlands,Philippines,1.0
Niue,Philippines,20.0
Panama,Philippines,55.0
Philippines,Russia,77.0
Philippines,Saint Kitts and Nevis,9.0
Philippines,Seychelles,20.0
Philippines,Singapore,5.0
Philippines,Sweden,1.0
Philippines,Ukraine,3.0
Philippines,United Arab Emirates,11.0
Philippines,United Kingdom,146.0
Philippines,United States,31.0
Bahamas,Poland,116.0
British Virgin Islands,Poland,67.0
Canada,Poland,1.0
Cyprus,Poland,1.0
Hong Kong,Poland,2.0
Ireland,Poland,1.0
Niue,Poland,80.0
Panama,Poland,9.0
Poland,Russia,2.0
Poland,Samoa,2.0
Poland,Seychelles,52.0
Poland,United Kingdom,2.0
Poland,United States,1.0
Poland,Wyoming,2.0
Bahamas,Portugal,88.0
Barbados,Portugal,2.0
Bermuda,Portugal,4.0
British Virgin Islands,Portugal,140.0
Canada,Portugal,2.0
Cayman Islands,Portugal,2.0
China,Portugal,1.0
Cyprus,Portugal,10.0
Latvia,Portugal,2.0
Nevada,Portugal,4.0
Niue,Portugal,112.0
Panama,Portugal,127.0
Portugal,Russia,2.0
Portugal,Samoa,20.0
Portugal,Seychelles,1.0
Portugal,United Kingdom,4.0
Portugal,United States,1.0
Barbados,Puerto Rico,2.0
British Virgin Islands,Puerto Rico,1.5
Panama,Puerto Rico,2.0
Bahamas,Qatar,8.0
Bermuda,Qatar,2.0
British Virgin Islands,Qatar,20.0
Isle of Man,Qatar,10.0
Panama,Qatar,24.0
Qatar,Seychelles,2.0
Qatar,United Kingdom,1.0
British Anguilla,Romania,4.0
British Virgin Islands,Romania,18.0
Canada,Romania,1.0
China,Romania,2.0
Cyprus,Romania,2.0
Hong Kong,Romania,1.0
Luxembourg,Romania,1.0
Malta,Romania,2.0
Panama,Romania,5.0
Romania,Russia,3.0
Romania,United Kingdom,5.0
Luxembourg,Russia,8.0
Russia,Saint Kitts and Nevis,29.0
Russia,Samoa,119.0
Russia,Seychelles,96.0
Russia,Singapore,679.5
Russia,Sweden,11.0
Russia,Switzerland,52.0
Russia,Thailand,116.0
Russia,Turks and Caicos Islands,8.0
Russia,Ukraine,33.0
Russia,United Arab Emirates,87.0
Russia,United Kingdom,566.0
Russia,United States,686.0
Russia,Uruguay,5.0
Barbados,Saint Kitts and Nevis,12.0
Nevada,Saint Kitts and Nevis,8.0
Niue,Saint Kitts and Nevis,4.0
Saint Kitts and Nevis,Seychelles,42.0
Saint Kitts and Nevis,Singapore,79.0
Saint Kitts and Nevis,United Arab Emirates,7.0
Saint Kitts and Nevis,United Kingdom,29.0
Saint Kitts and Nevis,United States,89.0
Barbados,Saint Lucia,230.0
British Virgin Islands,Saint Lucia,10.0
Hong Kong,Saint Lucia,1.0
Panama,Saint Lucia,3.0
Saint Lucia,Saint Lucia,8.0
Barbados,Saint Martin (French part),2.0
Barbados,Saint Vincent and the Grenadines,26.0
British Virgin Islands,Saint Vincent and the Grenadines,14.0
China,Saint Vincent and the Grenadines,1.0
Hong Kong,Saint Vincent and the Grenadines,2.0
Ireland,Saint Vincent and the Grenadines,1.0
Panama,Saint Vincent and the Grenadines,6.0
Russia,Saint Vincent and the Grenadines,4.0
Saint Vincent and the Grenadines,United Kingdom,2.0
Saint Vincent and the Grenadines,United States,2.0
British Anguilla,Samoa,4.0
Grenada,Samoa,1.0
Latvia,Samoa,11.0
Malta,Samoa,1.0
Niue,Samoa,156.0
Saint Kitts and Nevis,Samoa,6.0
Samoa,Seychelles,1745.0
Samoa,Singapore,279.5
Samoa,Switzerland,1096.0
Samoa,Ukraine,4.0
Samoa,United Arab Emirates,122.0
Samoa,United Kingdom,242.0
Samoa,United States,120.0
Bahamas,Saudi Arabia,8.0
Bermuda,Saudi Arabia,52.0
British Virgin Islands,Saudi Arabia,176.0
Cayman Islands,Saudi Arabia,4.0
China,Saudi Arabia,1.0
Curaçao,Saudi Arabia,1.0
Cyprus,Saudi Arabia,2.0
Hong Kong,Saudi Arabia,6.0
Ireland,Saudi Arabia,1.0
Jersey,Saudi Arabia,1.0
Latvia,Saudi Arabia,1.0
Niue,Saudi Arabia,6.0
Panama,Saudi Arabia,52.0
Russia,Saudi Arabia,9.0
Saudi Arabia,Seychelles,2.0
Saudi Arabia,Singapore,1.0
Saudi Arabia,United Kingdom,9.0
Saudi Arabia,United States,5.0
Panama,Senegal,2.0
Senegal,Seychelles,4.0
British Virgin Islands,Serbia,14.0
Canada,Serbia,1.0
Ireland,Serbia,2.0
Panama,Serbia,2.0
Russia,Serbia,4.0
Serbia,United Kingdom,4.0
Serbia,United States,1.0
Austria,Seychelles,3.0
Barbados,Seychelles,6.0
British Anguilla,Seychelles,4.0
Seychelles,Singapore,377.0
Seychelles,Sweden,5.0
Seychelles,Switzerland,3269.5
Seychelles,Ukraine,16.5
Seychelles,United Arab Emirates,3506.5
Seychelles,United Kingdom,672.5
Seychelles,United States,232.0
Bermuda,Sierra Leone,6.0
British Virgin Islands,Sierra Leone,2.0
Hong Kong,Sierra Leone,1.0
Panama,Sierra Leone,1.0
Russia,Sierra Leone,1.0
Antigua and Barbuda,Singapore,10.0
Austria,Singapore,5.0
Belize,Singapore,4.0
British Anguilla,Singapore,30.0
Croatia,Singapore,2.0
Georgia,Singapore,2.0
Germany,Singapore,3.0
Isle of Man,Singapore,4.0
Labuan,Singapore,16.0
Latvia,Singapore,100.0
Luxembourg,Singapore,25.0
Malta,Singapore,7.0
Marshall Islands,Singapore,1.5
Mexico,Singapore,1.0
Niue,Singapore,196.0
Saint Lucia,Singapore,2.0
Singapore,Sweden,5.0
Singapore,Switzerland,30.5
Singapore,Taiwan,147.5
Singapore,Thailand,8.5
Singapore,Turks and Caicos Islands,3.0
Singapore,Ukraine,17.0
Singapore,United Arab Emirates,57.0
Singapore,United Kingdom,1023.0
Singapore,United States,314.5
Singapore,Vanuatu,3.0
Panama,Sint Maarten (Dutch part),2.0
British Virgin Islands,Slovakia,11.5
China,Slovakia,2.0
Hong Kong,Slovakia,1.0
Ireland,Slovakia,1.0
Panama,Slovakia,5.0
Russia,Slovakia,1.0
Singapore,Slovakia,1.0
Slovakia,United Kingdom,2.0
Bahamas,Slovenia,6.0
British Anguilla,Slovenia,32.0
British Virgin Islands,Slovenia,16.5
China,Slovenia,2.0
Cyprus,Slovenia,1.0
Hong Kong,Slovenia,2.0
Panama,Slovenia,3.0
Russia,Slovenia,2.0
Slovenia,United Kingdom,6.0
Slovenia,United States,1.0
Antigua and Barbuda,South Africa,1.0
Bahamas,South Africa,16.0
Cayman Islands,South Africa,8.0
Cyprus,South Africa,6.0
Isle of Man,South Africa,8.0
Niue,South Africa,14.0
Panama,South Africa,76.0
Russia,South Africa,14.0
Saint Kitts and Nevis,South Africa,2.0
Samoa,South Africa,1.5
Seychelles,South Africa,1.0
Singapore,South Africa,1.0
South Africa,United Arab Emirates,1.0
South Africa,United Kingdom,16.0
South Africa,United States,6.0
Austria,South Korea,1.0
Barbados,South Korea,2.0
Bermuda,South Korea,6.0
British Virgin Islands,South Korea,150.0
Canada,South Korea,5.0
Cayman Islands,South Korea,3.5
China,South Korea,8.0
Cyprus,South Korea,3.0
Ireland,South Korea,10.0
Latvia,South Korea,6.0
Luxembourg,South Korea,2.0
Mauritius,South Korea,1.0
Netherlands,South Korea,1.0
Panama,South Korea,23.0
Russia,South Korea,19.0
Saint Kitts and Nevis,South Korea,2.0
Samoa,South Korea,1.5
Seychelles,South Korea,13.0
Singapore,South Korea,1.0
South Korea,Switzerland,1.0
South Korea,United Arab Emirates,2.0
South Korea,United Kingdom,49.0
South Korea,United States,7.0
Bahamas,Spain,326.0
Barbados,Spain,26.0
Bermuda,Spain,8.0
British Anguilla,Spain,6.0
British Virgin Islands,Spain,425.5
Canada,Spain,3.0
Cayman Islands,Spain,8.0
China,Spain,5.0
Cook Islands,Spain,2.0
Cyprus,Spain,3.0
Germany,Spain,1.0
Hong Kong,Spain,14.5
Ireland,Spain,4.0
Jersey,Spain,3.0
Nevada,Spain,16.0
Niue,Spain,372.0
Panama,Spain,1090.0
Russia,Spain,6.0
Saint Kitts and Nevis,Spain,6.0
Samoa,Spain,76.0
Seychelles,Spain,77.0
Singapore,Spain,1.0
Spain,Switzerland,2.0
Spain,United Arab Emirates,1.0
Spain,United Kingdom,13.0
Spain,United States,6.0
Spain,Uruguay,6.0
British Virgin Islands,Sri Lanka,42.5
Canada,Sri Lanka,2.0
China,Sri Lanka,3.0
Cyprus,Sri Lanka,2.0
Hong Kong,Sri Lanka,6.0
Jersey,Sri Lanka,2.0
Latvia,Sri Lanka,2.0
Panama,Sri Lanka,4.0
Russia,Sri Lanka,8.0
Saint Kitts and Nevis,Sri Lanka,1.0
Seychelles,Sri Lanka,1.0
Singapore,Sri Lanka,2.0
Sri Lanka,United Kingdom,11.0
Sri Lanka,United States,3.0
Panama,Sudan,2.0
Barbados,Suriname,4.0
British Virgin Islands,Suriname,1.0
Panama,Suriname,1.0
Saint Kitts and Nevis,Suriname,1.0
Antigua and Barbuda,Sweden,2.0
Bahamas,Sweden,44.0
Barbados,Sweden,2.0
Cyprus,Sweden,2.0
Ireland,Sweden,4.0
Jersey,Sweden,1.0
Niue,Sweden,6.0
South Africa,Sweden,1.0
Sweden,Ukraine,1.0
Sweden,United Arab Emirates,3.0
Sweden,United Kingdom,11.0
Sweden,United States,11.0
Antigua and Barbuda,Switzerland,1.0
Austria,Switzerland,1.0
Bahamas,Switzerland,4254.0
Barbados,Switzerland,16.0
Belize,Switzerland,9.0
Bermuda,Switzerland,192.0
British Anguilla,Switzerland,192.0
Croatia,Switzerland,1.0
Grenada,Switzerland,2.0
Ireland,Switzerland,20.0
Isle of Man,Switzerland,2.0
Jersey,Switzerland,3.0
Latvia,Switzerland,6.0
Luxembourg,Switzerland,1.0
Malta,Switzerland,3.0
Mauritius,Switzerland,12.0
Nevada,Switzerland,298.0
Niue,Switzerland,4148.0
Saint Kitts and Nevis,Switzerland,2.0
Switzerland,United Arab Emirates,9.0
Switzerland,United Kingdom,98.0
Switzerland,United States,32.0
Switzerland,Uruguay,4.0
Bahamas,Syria,4.0
British Virgin Islands,Syria,9.5
China,Syria,1.0
Hong Kong,Syria,1.0
Panama,Syria,6.0
Russia,Syria,1.0
Syria,United Kingdom,2.0
Syria,United States,1.0
Antigua and Barbuda,Taiwan,51.0
Australia,Taiwan,1.0
Austria,Taiwan,18.0
Bahamas,Taiwan,486.0
Belarus,Taiwan,10.0
Belize,Taiwan,31.0
Bermuda,Taiwan,48.0
British Anguilla,Taiwan,2.0
British Virgin Islands,Taiwan,15735.0
Canada,Taiwan,347.0
Cayman Islands,Taiwan,48.0
China,Taiwan,497.0
Cook Islands,Taiwan,7.0
Curaçao,Taiwan,8.0
Cyprus,Taiwan,841.5
Czech Republic,Taiwan,11.0
France,Taiwan,1.0
Georgia,Taiwan,1.0
Germany,Taiwan,9.0
Gibraltar,Taiwan,15.0
Ireland,Taiwan,736.0
Israel,Taiwan,3.0
Japan,Taiwan,2.0
Jersey,Taiwan,70.0
Kuwait,Taiwan,1.0
Labuan,Taiwan,1.0
Latvia,Taiwan,337.0
Luxembourg,Taiwan,97.0
Malaysia,Taiwan,3.5
Malta,Taiwan,31.0
Mauritius,Taiwan,28.5
Mexico,Taiwan,1.0
Netherlands,Taiwan,31.0
Nevada,Taiwan,8.0
Niue,Taiwan,464.0
Panama,Taiwan,1749.5
Russia,Taiwan,2662.0
Saint Kitts and Nevis,Taiwan,260.0
Samoa,Taiwan,558.5
Serbia,Taiwan,1.0
Seychelles,Taiwan,579.5
South Africa,Taiwan,2.0
Spain,Taiwan,2.0
Sweden,Taiwan,12.0
Switzerland,Taiwan,53.0
Taiwan,Turks and Caicos Islands,7.0
Taiwan,Ukraine,32.0
Taiwan,United Arab Emirates,206.0
Taiwan,United Kingdom,3859.0
Taiwan,United States,1091.0
Taiwan,Vanuatu,1.0
British Virgin Islands,Tajikistan,1.0
Canada,Tajikistan,1.0
Hong Kong,Tajikistan,2.0
Saint Kitts and Nevis,Tajikistan,1.0
Tajikistan,United Kingdom,1.0
British Virgin Islands,Tanzania,10.0
Canada,Tanzania,1.0
China,Tanzania,1.0
Hong Kong,Tanzania,3.0
Panama,Tanzania,3.0
Russia,Tanzania,1.0
Tanzania,United Arab Emirates,1.0
Tanzania,United States,1.0
Bahamas,Thailand,50.0
Belize,Thailand,2.0
Bermuda,Thailand,16.0
British Anguilla,Thailand,6.0
Canada,Thailand,14.0
Cayman Islands,Thailand,7.0
Cook Islands,Thailand,0.5
Cyprus,Thailand,38.0
Czech Republic,Thailand,2.0
Ireland,Thailand,40.0
Japan,Thailand,1.0
Jersey,Thailand,5.0
Latvia,Thailand,10.0
Luxembourg,Thailand,4.0
Netherlands,Thailand,3.0
Nevada,Thailand,34.0
Niue,Thailand,14.0
Panama,Thailand,100.0
Philippines,Thailand,1.0
Saint Kitts and Nevis,Thailand,7.0
Samoa,Thailand,35.0
Seychelles,Thailand,530.0
Sweden,Thailand,2.0
Switzerland,Thailand,1.0
Thailand,Ukraine,1.0
Thailand,United Arab Emirates,13.0
Thailand,United Kingdom,184.0
Thailand,United States,43.0
British Virgin Islands,Tonga,10.0
Canada,Tonga,1.0
China,Tonga,1.0
Curaçao,Tonga,1.0
Hong Kong,Tonga,1.0
Panama,Tonga,1.0
Russia,Tonga,5.0
Saint Kitts and Nevis,Tonga,1.0
Tonga,United Arab Emirates,1.0
Tonga,United Kingdom,4.0
Barbados,Trinidad and Tobago,146.0
British Virgin Islands,Trinidad and Tobago,12.0
Hong Kong,Trinidad and Tobago,1.0
Panama,Trinidad and Tobago,2.0
Russia,Trinidad and Tobago,1.0
Trinidad and Tobago,United Kingdom,1.0
British Virgin Islands,Tunisia,6.0
Panama,Tunisia,2.0
Bahamas,Turkey,6.0
Bermuda,Turkey,2.0
British Virgin Islands,Turkey,169.5
Canada,Turkey,3.0
China,Turkey,4.0
Hong Kong,Turkey,6.0
Ireland,Turkey,2.0
Niue,Turkey,12.0
Panama,Turkey,41.0
Russia,Turkey,6.0
Saint Kitts and Nevis,Turkey,1.0
Samoa,Turkey,2.0
Seychelles,Turkey,5.0
Turkey,United Kingdom,3.0
Turkey,United States,2.0
British Virgin Islands,Turkmenistan,9.0
China,Turkmenistan,1.0
Hong Kong,Turkmenistan,3.0
Panama,Turkmenistan,2.0
Russia,Turkmenistan,3.0
Turkmenistan,United Kingdom,2.0
Bahamas,Turks and Caicos Islands,10.0
Barbados,Turks and Caicos Islands,96.0
Canada,Turks and Caicos Islands,1.0
Cyprus,Turks and Caicos Islands,2.0
Ireland,Turks and Caicos Islands,2.0
Luxembourg,Turks and Caicos Islands,1.0
Panama,Turks and Caicos Islands,6.0
Saint Kitts and Nevis,Turks and Caicos Islands,1.0
Seychelles,Turks and Caicos Islands,2.0
Switzerland,Turks and Caicos Islands,1.0
Turks and Caicos Islands,United Kingdom,3.0
Turks and Caicos Islands,United States,3.0
Antigua and Barbuda,US Virgin Islands,4.0
Bahamas,US Virgin Islands,4.0
Barbados,US Virgin Islands,6.0
Belize,US Virgin Islands,1.0
British Virgin Islands,US Virgin Islands,449.5
Canada,US Virgin Islands,15.0
Croatia,US Virgin Islands,1.0
Curaçao,US Virgin Islands,1.0
Cyprus,US Virgin Islands,29.0
Czech Republic,US Virgin Islands,2.0
Ireland,US Virgin Islands,28.0
Jersey,US Virgin Islands,2.0
Latvia,US Virgin Islands,10.0
Luxembourg,US Virgin Islands,1.0
Malta,US Virgin Islands,1.0
Netherlands,US Virgin Islands,1.0
Panama,US Virgin Islands,49.0
Russia,US Virgin Islands,93.0
Saint Kitts and Nevis,US Virgin Islands,11.0
Samoa,US Virgin Islands,3.0
Seychelles,US Virgin Islands,11.0
Singapore,US Virgin Islands,4.5
South Africa,US Virgin Islands,1.0
Sweden,US Virgin Islands,2.0
Switzerland,US Virgin Islands,2.0
US Virgin Islands,US Virgin Islands,2.0
US Virgin Islands,United Arab Emirates,6.0
US Virgin Islands,United Kingdom,126.0
US Virgin Islands,United States,34.0
British Virgin Islands,Uganda,2.0
Antigua and Barbuda,Ukraine,1.0
Bahamas,Ukraine,164.0
Bermuda,Ukraine,6.0
British Anguilla,Ukraine,2.0
Cook Islands,Ukraine,0.5
Germany,Ukraine,1.0
Ireland,Ukraine,8.0
Jersey,Ukraine,1.0
Latvia,Ukraine,1.0
Luxembourg,Ukraine,1.0
Niue,Ukraine,4.0
Saint Kitts and Nevis,Ukraine,2.0
Ukraine,United Kingdom,36.0
Ukraine,United States,18.0
Antigua and Barbuda,United Arab Emirates,2.0
Barbados,United Arab Emirates,2.0
Belize,United Arab Emirates,2.0
British Anguilla,United Arab Emirates,484.0
Czech Republic,United Arab Emirates,1.0
Dubai,United Arab Emirates,4.0
Gibraltar,United Arab Emirates,1.0
Latvia,United Arab Emirates,9.0
Luxembourg,United Arab Emirates,2.0
Mauritius,United Arab Emirates,2.0
Nevada,United Arab Emirates,2.0
Niue,United Arab Emirates,272.0
Panama,United Arab Emirates,1870.0
Saint Vincent and the Grenadines,United Arab Emirates,4.0
Ukraine,United Arab Emirates,1.0
United Arab Emirates,United Kingdom,93.0
United Arab Emirates,United States,72.0
Grenada,United Kingdom,2.0
Labuan,United Kingdom,1.0
Nevada,United Kingdom,30.0
Niue,United Kingdom,1482.0
State of Delaware,United Kingdom,4.0
United Kingdom,United States,959.0
United Kingdom,Wyoming,2.0
Barbados,United States,490.0
British Anguilla,United States,64.0
Czech Republic,United States,3.0
Grenada,United States,1.0
Ireland,United States,184.0
Labuan,United States,3.5
Nevada,United States,192.0
Niue,United States,172.0
Saint Lucia,United States,1.5
State of Delaware,United States,124.0
United States,Vanuatu,7.5
Belize,Uruguay,9.0
British Anguilla,Uruguay,134.0
British Virgin Islands,Uruguay,2944.0
China,Uruguay,1.0
Costa Rica,Uruguay,16.0
Cyprus,Uruguay,4.0
Hong Kong,Uruguay,15.0
Ireland,Uruguay,3.0
Malta,Uruguay,2.0
Nevada,Uruguay,136.0
Niue,Uruguay,216.0
Saint Kitts and Nevis,Uruguay,2.0
Samoa,Uruguay,18.0
Seychelles,Uruguay,352.0
United Kingdom,Uruguay,6.0
United States,Uruguay,1.0
Uruguay,Wyoming,14.0
Belize,Uzbekistan,2.0
British Virgin Islands,Uzbekistan,33.0
China,Uzbekistan,4.0
Hong Kong,Uzbekistan,9.0
Ireland,Uzbekistan,1.0
Panama,Uzbekistan,4.0
Russia,Uzbekistan,6.0
United Arab Emirates,Uzbekistan,1.0
United Kingdom,Uzbekistan,6.0
United States,Uzbekistan,2.0
Antigua and Barbuda,Vanuatu,1.0
British Virgin Islands,Vanuatu,41.0
Canada,Vanuatu,1.0
Cook Islands,Vanuatu,2.0
Ireland,Vanuatu,1.0
Panama,Vanuatu,6.0
Russia,Vanuatu,4.0
Seychelles,Vanuatu,1.0
United Kingdom,Vanuatu,12.0
Antigua and Barbuda,Venezuela,1.0
Bahamas,Venezuela,36.0
Barbados,Venezuela,20.0
Belize,Venezuela,16.0
Bermuda,Venezuela,6.0
British Anguilla,Venezuela,48.0
British Virgin Islands,Venezuela,372.5
Canada,Venezuela,6.0
Cayman Islands,Venezuela,6.0
China,Venezuela,8.0
Cyprus,Venezuela,7.0
Czech Republic,Venezuela,1.0
Hong Kong,Venezuela,55.0
Ireland,Venezuela,9.0
Jersey,Venezuela,2.0
Latvia,Venezuela,8.0
Nevada,Venezuela,26.0
Niue,Venezuela,6.0
Panama,Venezuela,1064.0
Russia,Venezuela,23.0
Saint Kitts and Nevis,Venezuela,1.0
Samoa,Venezuela,4.0
Seychelles,Venezuela,50.0
Singapore,Venezuela,2.0
Sweden,Venezuela,1.0
Switzerland,Venezuela,1.0
Ukraine,Venezuela,1.0
United Arab Emirates,Venezuela,2.0
United Kingdom,Venezuela,45.0
United States,Venezuela,13.0
Uruguay,Venezuela,4.0
Austria,Vietnam,1.0
Bahamas,Vietnam,4.0
British Virgin Islands,Vietnam,101.0
Canada,Vietnam,1.0
Cayman Islands,Vietnam,22.0
China,Vietnam,4.0
Cook Islands,Vietnam,2.0
Cyprus,Vietnam,8.0
Hong Kong,Vietnam,13.5
Ireland,Vietnam,1.0
Latvia,Vietnam,1.0
Luxembourg,Vietnam,1.0
Mauritius,Vietnam,3.0
Panama,Vietnam,14.0
Russia,Vietnam,13.0
Saint Kitts and Nevis,Vietnam,1.0
Seychelles,Vietnam,7.0
Singapore,Vietnam,1.0
Ukraine,Vietnam,1.0
United Arab Emirates,Vietnam,1.0
United Kingdom,Vietnam,25.0
United States,Vietnam,8.0
Panama,Yemen,2.0
British Virgin Islands,Zambia,4.0
British Virgin Islands,Zimbabwe,15.0
Hong Kong,Zimbabwe,3.0
Jersey,Zimbabwe,1.0
Panama,Zimbabwe,6.0
Russia,Zimbabwe,2.0
United States,Zimbabwe,1.0
